id,date,area,setup_type,data_years,timeframe,symbols_roots,strategy_filters,risk_sizing,entry_rule,exit_rule,slippage,trades,sum_r,max_dd_r,avg_r,win_rate,pnl,return_pct,max_concurrent,live_compatible,question,setup,result,verdict,evidence,next_step
EXP-LEGACY-001,pre-ledger,Build/Playbook/Prop Sim,old_harmonic_pattern,unknown,1m,unknown,"P4 era playbook/build rules; prop firm simulation rules",unknown,C+1 pattern entry,template/prop simulation exits,unknown,,,,,,,,,unknown,"Could original pattern/playbook workflow produce useful prop-firm style results?","P4 era build/playbook/sim testing UI; prop summaries; raw rows","Useful enough to continue; early records scattered and need DB backfill",NEEDS_VALIDATION,Legacy DB/UI artifacts,Extract old sim/build/playbook rows into ledger
EXP-LEGACY-002,pre-ledger,UI/DB provenance,infrastructure,,,,DB-backed simulation UI sections,,,,,,,,,,,,,yes,"Should simulation testing be DB-backed instead of UI-computed?","DB-backed overview sections and stored runner summaries","Direction accepted; UI should display stored DB results",DATA_ONLY,UI and runner changes,Keep enforcing DB-backed sections
EXP-LEGACY-003,pre-ledger,Trends,market_data,unknown,"5m;15m;1h",all available roots,Higher-timeframe trend tables joined after sim,,,,,,,,,,,,,yes,"Add higher timeframe trend context without rerunning pattern scanner?","5m 15m 1h trend tables joined to sim trades","Useful as separate market-data layer",DATA_ONLY,Trend table/UI work,Validate trend correlation on future runs
EXP-20260529-001,2026-05-29,Market wave/AI trades,trend_detect,2026,mixed,unknown,aimv market-wave/meta filters,unknown,market-wave model entries,model/template exits,slippage stress became concern,,,,,,,,,research_sim,"Can market-wave meta models pick profitable 2026 trades after slippage?","aimv-market-wave and aimv-mwmeta series","Promising but tiny distances/slippage realism became major issue",NEEDS_VALIDATION,rust_sr/abcd/model_registry/aimv-*,Keep slippage-aware filtering
EXP-20260529-002,2026-05-29,Execution quality,execution_filter,2026,mixed,unknown,"execution-quality floor; 3+3 tick stress",tick-distance/risk floor,existing model entries,existing exits,3 ticks entry + 3 ticks exit stress,,,,,,,,,research_sim,"Do tiny trades survive realistic slippage?","Execution-quality floor and 3+3 tick stress","Tiny target/stop trades were not realistic enough",PROMISING,aimv-mwmeta-v3-v7-twin-xq*,Use minimum move/risk filters
EXP-20260530-001,2026-05-30,Candle wave baseline,trend_detect,2026,2m,all available roots,xtight t014 rd3 en4,model R sizing,candle-wave entry,candle-wave exit,slippage-aware later,402,222.24,5.02,0.553,,,,,research_sim,"What is the protected 2m candle-wave baseline?","aicw-mtf-eg1-xtight-t014-rd3-en4-v1-2m-2026","402 trades; 222.24R; 0.553R avg; 5.02R DD",PROMISING,2026-05-30-candle-wave-edge.md,Protect as historical baseline
EXP-20260530-002,2026-05-30,Candle wave tuning,trend_detect,"2025;2026",2m,all available roots,"threshold 0.01425; loss brake after 3 trades if day <= -2.5R",model R sizing,candle-wave entry,candle-wave exit,slippage-aware later,397,230.05,5.02,0.579,,,,,research_sim,"Does threshold/loss brake improve baseline?","aicw-research-t01425-lb25allm3-v1-2m-2026","2026: 397 trades; 230.05R; 5.02R DD. 2025 WF: 106.35R / 19.32R DD",PROMISING,2026-05-30-candle-wave-edge.md,Retest on full history
EXP-20260530-003,2026-05-30,Energy cap,trend_detect,"2025;2026",2m,all available roots,"rd3 en5x06; stronger 5th energy slot",model R sizing,candle-wave entry,candle-wave exit,slippage-aware later,410,235.15,5.02,0.574,43.41%,,,,research_sim,"Does a stronger 5th energy slot help?","aicw-research-t014-rd3en5x06-v1-2m-2026","235.15R in 2026 but 2025 WF slipped",NEEDS_VALIDATION,2026-05-30-candle-wave-edge.md,Do not promote without more years
EXP-20260530-004,2026-05-30,Liquidity/outlier,execution_filter,2026,2m,"all available roots; SI removed in audit",SIJ6 liquidity/outlier removal,model R sizing,candle-wave entry,candle-wave exit,liquidity stress,,,,,,,,,research_sim,"Was huge SIJ6 winner tradable/reliable?","SIJ6 liquidity audit","Removing SI dropped robust 2026 from 230.05R to 98.92R",NEEDS_VALIDATION,2026-05-30-candle-wave-edge.md,Keep liquidity filters in validation
EXP-20260531-001,2026-05-31,Data,market_data,"2020-current",1m,priority tradable roots,Databento candle load/update,,,,,,,,,,,,,yes,"Add Databento candles and tradable roots?","1m candle updates; priority roots; 2020 add-on","More data available; derived timeframe consistency needed",DATA_ONLY,Databento load logs,Rebuild derived candles before full-history tests
EXP-20260601-001,2026-06-01,Oracle trend starts,trend_detect,"2024;2025;2026",mixed,unknown,oracle trend-start labels and stage experiments,,,,,,,,,,,,,research_sim,"Can oracle trend starts train Stage 1/Stage 2?","CatBoost LightGBM XGBoost oracle experiments","Architecture formed; needed caching and validation design",PROMISING,aicw-oracle-start-*,Standardize walk-forward runs
EXP-20260603-001,2026-06-03,CNN,trend_detect,2025,mixed,NQ,CNN/tower experiments around NQ and all timeframes,,,,,,,,,,,,,not_yet,"Should CNN be a major live scanner?","CNN/tower experiments around NQ/all timeframes","Interesting but too slow/scaling-risky as first scanner",REJECT,CNN model folders,Use CNN only as later optional confirmation
EXP-20260604-001,2026-06-04,Model hierarchy,trend_detect,"2024;2025;2026",mixed,NQ then broader roots,L1/L2/L3/L4/L5 specialist-manager structure,,,,,,,,,,,,,research_sim,"Compare specialist/manager levels and Cat/Light/XGB blocks?","L1 L2 L3 L4 L5 manager experiments","Complexity grew quickly; 2m single-timeframe path preferred",NEEDS_VALIDATION,aicw-oracle-start-level*,Keep simpler 2m path
EXP-20260605-001,2026-06-05,Mainline stage models,trend_detect,"train 2025 -> valid 2026",2m,all roots,"positive_pre=1; positive_post=1; negative_exclusion=6; match_window=3",candidate label training,Stage 1/Level 2 trend start,Stage 2/3 downstream,none yet,,,,,,,,,live_candidate,"Create 2m all-root Cat/Light/XGB plus Level 2 manager?","aicw-os-cat/light/xgb-l1 and aicw-os-l2-three-l1","Became current Stage 1/Level 2 source",PROMISING,aicw-os-l2-three-l1-2m-p1p1n6m3-v1-ALL-2m-tr2025-v2026,Use for Stage 2/3 validation
EXP-20260606-001,2026-06-06,Terminal hold,trend_detect,"2025;2026",2m,all roots,raw Stage 2 terminal stream,no governor,Stage 2 terminal entry,terminal hold/exit model,none,,"-1024.08",1049.48,,,,,,research_sim,"Are raw Stage 2 terminal candidates good enough?","aicw-os-stage3-terminal-both","Raw streams negative overall: 2026 -767.58R; 2025 -256.50R",REJECT,Stage3 terminal metadata,Need quality selector/governor
EXP-20260606-002,2026-06-06,Live-paper baseline,trend_detect,2026,2m,all/prototype roots,live-style account governor,1k account compounding risk,Stage 2 terminal entry,terminal exit/account rules,market realism approximate,342,83.78,,,,943.49,94.35%,,live_candidate,"Can live-style loop replay 2026 with account rules?","prototype-live-stage2-terminal-runner-2026-full","Corrected estimate ending $1943.49; +94.35%; DD about $421.18; 342 closed trades",NEEDS_VALIDATION,prototype-live-stage2-terminal-runner-2026-full*,Speed up official runner and validate more years
EXP-20260606-003,2026-06-06,Symbol filter,trend_detect,"2025;2026",2m,"EMD;HO;NG;NQ;RTY;YM","score >= 0.93; risk 48-192; max_open 3; both directions; all hours",account risk windows,Stage 2 terminal entry,terminal/account exit,market realism approximate,297,152.03,,,,2009.28,,,live_candidate,"Do root groups help under fixed global rules?","score >= 0.93; risk 48-192; max open 3","Best clean group EMD HO NG NQ RTY YM: 2025 +$1228.26; 2026 +$781.02",NEEDS_VALIDATION,2026-06-06-symbol-group-filters-and-cnn-layer.md,Generate 2021-2024 terminal rows
EXP-20260606-004,2026-06-06,Profit push,trend_detect,"2025;2026",2m,"CL;EMD;ES;HO;NQ;YM","score >= 0.915; risk 60-240; max_open 2; max_daily_losses 1",account risk windows,Stage 2 terminal entry,terminal/account exit,market realism approximate,,135.51,,,,1650.66,,,live_candidate,"Can symbol groups push profit with manageable DD?","score >= 0.915; risk 60-240; max open 2; stop after 1 loss","Best balanced push CL EMD ES HO NQ YM: 2025 +$806.90; 2026 +$843.76",NEEDS_VALIDATION,2026-06-06-profit-push-symbol-groups.md,Retest with earlier years
EXP-20260606-005,2026-06-06,Pure R no-cap,trend_detect,"2025;2026",2m,"CL;EMD;HO;NG;RB","score >= 0.910; risk 72-144; no account cap; no daily stop; overlap allowed",pure R count every qualifying trade,Stage 2 terminal entry,terminal exit,market realism approximate,707,144.13,31.23,,, , ,6,research_sim,"What if every qualifying trade is counted?","No account cap; no daily stop; overlap allowed","CL EMD HO NG RB: 2025 73.60R/19.67R DD/293 trades; 2026 70.53R/31.23R DD/414 trades",PROMISING,2026-06-06-profit-push-symbol-groups.md,Use as clean pure-R candidate
EXP-20260606-006,2026-06-06,Trade-quality V1,trend_detect,"train 2025 -> valid 2026",2m,all roots,thin live-compatible selector,quality selector,Stage 2 terminal entry,terminal exit,market realism approximate,,,,,,,,,live_candidate,"Can thin live-compatible selector improve raw trades?","Terminal rows only","Mixed transfer; reverse weak/tiny",REJECT,aicw-terminal-trade-quality-v1-2025-2026,Use richer Stage 2 features
EXP-20260606-007,2026-06-06,Trade-quality V2,trend_detect,"train 2025 -> valid 2026; reverse 2026 -> 2025",2m,"CL;EMD;HO;NG;RB","score >= 0.910; risk 72-144; quality >= -0.073264; top1_per_entry_time",quality selector on Stage 2 features,Stage 2 terminal entry after quality filter,terminal exit,market realism approximate,305,117.51,19.39,0.385,27.54%,,,5,live_candidate,"Does Stage 2 feature selector improve selection?","Stage 2 Cat/Light/XGB scores; L1 agreement; confirmation offset","2025->2026 117.51R/19.39R DD; reverse clean group 11.15R/21.30R DD",PROMISING,2026-06-06-terminal-trade-quality-layer.md,Train on 2021-2025 and test 2026
EXP-20260606-008,2026-06-06,Exit manager,trend_detect,2026,2m,all roots,aicw-os-stage3-trend-manager-mid-v1-2m-m180-v2026,model R sizing,Stage 2 terminal entry,Stage 3 exit manager,none,4493,-208.14,221.75,,,,,,research_sim,"Are existing Stage 3 exit managers the breakthrough?","aicw-os-stage3-trend-manager artifacts","Mid manager improved bad baseline by 118.05R but full 2026 stream still negative",REJECT,2026-06-06-terminal-trade-quality-layer.md,Focus on entry quality first
EXP-20260606-009,2026-06-06,Stage2 target + Stage3 bracket,trend_detect,"train 2025 threshold 2025 -> valid 2026",2m,"CL;EMD;HO;NG;RB","stage2_score >= 0.910; risk 72-144; predicted_mfe >= 1.25; target_factor 0.75; min_target 1.0R; max_target 1.5R; early momentum/giveback fade",swing/ATR hard stop; 3+3 tick slippage,Stage 2 confirmed event next candle open,Predicted take-profit bracket plus hard stop plus early fade,3 entry ticks + 3 exit ticks,331,5.09,17.85,0.015,39.58%,,,4,live_candidate,Can Stage 2 predict target and Stage 3 trade a fixed TP bracket?,aicw-stage2-target-stage3-bracket-v1-2m-tr2025-v2026,Best valid bracket result was only +5.09R/17.85R DD versus same-row terminal +94.39R/35.25R DD; target/fade too conservative,REJECT,2026-06-06-stage2-target-stage3-bracket.md,Keep target-forecast idea but do not promote this fixed TP/fade version
EXP-20260606-010,2026-06-06,Stage3 candle policy,trend_detect,"train 2025 threshold 2025 -> valid 2026",2m,"CL;EMD;HO;NG;RB","stage2_score >= 0.910; risk 72-144; no fixed strategy stop; no fixed TP; candle-by-candle hold/exit; disaster_stop=0",initial swing/ATR distance used only as R unit,Stage 2 confirmed event next candle open,Model decides hold/exit every candle; time exit if never exits,3 entry ticks + 3 exit ticks,414,-5.14,112.42,-0.012,47.10%,,,8,live_candidate,Can Stage 3 manage each trade purely candle by candle with no fixed stop or TP?,aicw-stage3-candle-policy-v1-2m-tr2025-v2026,Best valid policy was -5.14R/112.42R DD versus same-row terminal +70.53R/31.23R DD; no-stop time-exit baseline was -17.75R/161.93R DD,REJECT,2026-06-06-stage3-candle-policy.md,Next try dynamic protective stop updated every candle rather than no stop
